Workbook

Sheet Comparison
A1: Test | B1: Composer.js Req/Sec | C1: RapidREST Req/Sec | D1: Diff | F1: Composer.js p90 (ms) | G1: RapidREST p90 (ms) | H1: Diff | J1: Composer.js p95 (ms) | K1: RapidREST p95 (ms) | L1: Diff
A2: create_user | B2: ='1.0.31-cjs'!C2 -> 71.816 | C2: ='1.0.31-rrst'!C2 -> 70.689 | D2: =(C2/B2)-1 -> -0.015692882 | F2: ='1.0.31-cjs'!G2 -> 1430 | G2: ='1.0.31-rrst'!G2 -> 1440 | H2: =(F2/G2)-1 -> -0.0069444444 | J2: ='1.0.31-cjs'!H2 -> 1490 | K2: ='1.0.31-rrst'!H2 -> 1460 | L2: =(J2/K2)-1 -> 0.020547945
A3: find_pets | B3: ='1.0.31-cjs'!C3 -> 2058.918 | C3: ='1.0.31-rrst'!C3 -> 3673.117 | D3: =(C3/B3)-1 -> 0.78400354 | F3: ='1.0.31-cjs'!G3 -> 62.05 | G3: ='1.0.31-rrst'!G3 -> 36.13 | H3: =(F3/G3)-1 -> 0.71740936 | J3: ='1.0.31-cjs'!H3 -> 65.72 | K3: ='1.0.31-rrst'!H3 -> 37.97 | L3: =(J3/K3)-1 -> 0.73084014
A4: get_status | B4: ='1.0.31-cjs'!C4 -> 5905.693 | C4: ='1.0.31-rrst'!C4 -> 9494.142 | D4: =(C4/B4)-1 -> 0.60762539 | F4: ='1.0.31-cjs'!G4 -> 23.13 | G4: ='1.0.31-rrst'!G4 -> 14.62 | H4: =(F4/G4)-1 -> 0.58207934 | J4: ='1.0.31-cjs'!H4 -> 24.24 | K4: ='1.0.31-rrst'!H4 -> 16.1 | L4: =(J4/K4)-1 -> 0.50559006
A5: get_openapi.json | B5: ='1.0.31-cjs'!C5 -> 2520.547 | C5: ='1.0.31-rrst'!C5 -> 4125.413 | D5: =(C5/B5)-1 -> 0.63671338 | F5: ='1.0.31-cjs'!G5 -> 42.44 | G5: ='1.0.31-rrst'!G5 -> 38.05 | H5: =(F5/G5)-1 -> 0.11537451 | J5: ='1.0.31-cjs'!H5 -> 43.81 | K5: ='1.0.31-rrst'!H5 -> 41.97 | L5: =(J5/K5)-1 -> 0.043840839
A6: get_openapi.yaml | B6: ='1.0.31-cjs'!C6 -> 187.395 | C6: ='1.0.31-rrst'!C6 -> 217.511 | D6: =(C6/B6)-1 -> 0.16070866 | F6: ='1.0.31-cjs'!G6 -> 585.68 | G6: ='1.0.31-rrst'!G6 -> 474.76 | H6: =(F6/G6)-1 -> 0.23363384 | J6: ='1.0.31-cjs'!H6 -> 622.7 | K6: ='1.0.31-rrst'!H6 -> 484.99 | L6: =(J6/K6)-1 -> 0.283944
A7: get_pet | B7: ='1.0.31-cjs'!C7 -> 4093.308 | C7: ='1.0.31-rrst'!C7 -> 7643.046 | D7: =(C7/B7)-1 -> 0.8672052 | F7: ='1.0.31-cjs'!G7 -> 30.24 | G7: ='1.0.31-rrst'!G7 -> 17.63 | H7: =(F7/G7)-1 -> 0.71525808 | J7: ='1.0.31-cjs'!H7 -> 33.46 | K7: ='1.0.31-rrst'!H7 -> 19.28 | L7: =(J7/K7)-1 -> 0.73547718
A8: login | B8: ='1.0.31-cjs'!C8 -> 70.127 | C8: ='1.0.31-rrst'!C8 -> 70.219 | D8: =(C8/B8)-1 -> 0.0013119055 | F8: ='1.0.31-cjs'!G8 -> 1450 | G8: ='1.0.31-rrst'!G8 -> 1440 | H8: =(F8/G8)-1 -> 0.0069444444 | J8: ='1.0.31-cjs'!H8 -> 1470 | K8: ='1.0.31-rrst'!H8 -> 1450 | L8: =(J8/K8)-1 -> 0.013793103

Sheet 1.0.31-rrst
A1: Test | B1: Vus | C1: Req/Sec | D1: Duration (Avg) | E1: Duration (Min) | F1: Duration (Max) | G1: Duration (p90) | H1: Duration (p95) | I1: Perf Gain (Req/Sec) | J1: Perf Gain (Avg) | K1: Perf Gain (p90) | L1: Perf Gain (p95)
A2: create_user | B2: 100 | C2: 70.689 | D2: 1390 | E2: 96.58 | F2: 1560 | G2: 1440 | H2: 1460 | I2: ='1.0.31-cjs'!C2/'1.0.31-rrst'!C2 -> 1.0159431 | J2: ='1.0.31-rrst'!D2/'1.0.31-cjs'!D2 -> 1.0220588 | K2: ='1.0.31-rrst'!E2/'1.0.31-cjs'!E2 -> 0.85355722 | L2: ='1.0.31-rrst'!F2/'1.0.31-cjs'!F2 -> 0.61904762
A3: find_pets | B3: 100 | C3: 3673.117 | D3: 27.21 | E3: 9.18 | F3: 109.02 | G3: 36.13 | H3: 37.97 | I3: ='1.0.31-cjs'!C3/'1.0.31-rrst'!C3 -> 0.560537 | J3: ='1.0.31-rrst'!D3/'1.0.31-cjs'!D3 -> 0.56068411 | K3: ='1.0.31-rrst'!E3/'1.0.31-cjs'!E3 -> 0.50191361 | L3: ='1.0.31-rrst'!F3/'1.0.31-cjs'!F3 -> 0.19030496
A4: get_status | B4: 100 | C4: 9494.142 | D4: 10.52 | E4: 0.5589 | F4: 47.34 | G4: 14.62 | H4: 16.1 | I4: ='1.0.31-cjs'!C4/'1.0.31-rrst'!C4 -> 0.62203546 | J4: ='1.0.31-rrst'!D4/'1.0.31-cjs'!D4 -> 0.62174941 | K4: ='1.0.31-rrst'!E4/'1.0.31-cjs'!E4 -> 0.19749117 | L4: ='1.0.31-rrst'!F4/'1.0.31-cjs'!F4 -> 0.18543617
A5: get_openapi.json | B5: 100 | C5: 4125.413 | D5: 24.22 | E5: 3.4 | F5: 79.07 | G5: 38.05 | H5: 41.97 | I5: ='1.0.31-cjs'!C5/'1.0.31-rrst'!C5 -> 0.61098052 | J5: ='1.0.31-rrst'!D5/'1.0.31-cjs'!D5 -> 0.61099899 | K5: ='1.0.31-rrst'!E5/'1.0.31-cjs'!E5 -> 0.86075949 | L5: ='1.0.31-rrst'!F5/'1.0.31-cjs'!F5 -> 0.075304762
A6: get_openapi.yaml | B6: 100 | C6: 217.511 | D6: 457.99 | E6: 10.91 | F6: 982.03 | G6: 474.76 | H6: 484.99 | I6: ='1.0.31-cjs'!C6/'1.0.31-rrst'!C6 -> 0.86154263 | J6: ='1.0.31-rrst'!D6/'1.0.31-cjs'!D6 -> 0.86534029 | K6: ='1.0.31-rrst'!E6/'1.0.31-cjs'!E6 -> 0.42918961 | L6: ='1.0.31-rrst'!F6/'1.0.31-cjs'!F6 -> 0.072528065
A7: get_pet | B7: 100 | C7: 7643.046 | D7: 13.07 | E7: 2.05 | F7: 92.06 | G7: 17.63 | H7: 19.28 | I7: ='1.0.31-cjs'!C7/'1.0.31-rrst'!C7 -> 0.53555978 | J7: ='1.0.31-rrst'!D7/'1.0.31-cjs'!D7 -> 0.5354363 | K7: ='1.0.31-rrst'!E7/'1.0.31-cjs'!E7 -> 0.35590278 | L7: ='1.0.31-rrst'!F7/'1.0.31-cjs'!F7 -> 0.26199556
A8: login | B8: 100 | C8: 70.219 | D8: 1400 | E8: 94.8 | F8: 1480 | G8: 1440 | H8: 1450 | I8: ='1.0.31-cjs'!C8/'1.0.31-rrst'!C8 -> 0.99868981 | J8: ='1.0.31-rrst'!D8/'1.0.31-cjs'!D8 -> 1.0071942 | K8: ='1.0.31-rrst'!E8/'1.0.31-cjs'!E8 -> 0.70446608 | L8: ='1.0.31-rrst'!F8/'1.0.31-cjs'!F8 -> 0.75126904

Sheet 1.0.31-cjs
A1: Test | B1: Vus | C1: Req/Sec | D1: Duration (Avg) | E1: Duration (Min) | F1: Duration (Max) | G1: Duration (p90) | H1: Duration (p95)
A2: create_user | B2: 100 | C2: 71.816 | D2: 1360 | E2: 113.15 | F2: 2520 | G2: 1430 | H2: 1490
A3: find_pets | B3: 100 | C3: 2058.918 | D3: 48.53 | E3: 18.29 | F3: 572.87 | G3: 62.05 | H3: 65.72
A4: get_status | B4: 100 | C4: 5905.693 | D4: 16.92 | E4: 2.83 | F4: 255.29 | G4: 23.13 | H4: 24.24
A5: get_openapi.json | B5: 100 | C5: 2520.547 | D5: 39.64 | E5: 3.95 | F5: 1050 | G5: 42.44 | H5: 43.81
A6: get_openapi.yaml | B6: 100 | C6: 187.395 | D6: 529.26 | E6: 25.42 | F6: 13540 | G6: 585.68 | H6: 622.7
A7: get_pet | B7: 100 | C7: 4093.308 | D7: 24.41 | E7: 5.76 | F7: 351.38 | G7: 30.24 | H7: 33.46
A8: login | B8: 100 | C8: 70.127 | D8: 1390 | E8: 134.57 | F8: 1970 | G8: 1450 | H8: 1470
